id,vendor_id,pickup_datetime,dropoff_datetime,passenger_count,pickup_longitude,pickup_latitude,dropoff_longitude,dropoff_latitude,store_and_fwd_flag,trip_duration,distance_km,pickup_hour
id3185270,1,2016-06-18 00:07:04,2016-06-18 00:32:29,1,-73.78229522705078,40.64446258544922,-73.91885375976561,40.746776580810554,N,1525,16.239199594674634,0
id2576766,1,2016-06-03 00:23:46,2016-06-03 00:26:48,1,-73.98855590820312,40.759239196777344,-73.98934173583984,40.76832580566406,N,182,1.010822924842371,0
id3884599,2,2016-03-20 00:55:40,2016-03-20 01:16:02,5,-73.95535278320312,40.76848983764648,-73.9994125366211,40.728759765625,N,1222,5.785676462757614,0
id2036663,2,2016-03-25 00:57:38,2016-03-25 01:03:17,1,-73.98316955566406,40.7681999206543,-73.9886703491211,40.77497863769531,N,339,0.8858790231899109,0
id0355898,2,2016-05-26 00:47:45,2016-05-26 00:54:57,1,-73.94568634033203,40.78162384033203,-73.94800567626953,40.80387878417969,N,432,2.478152856431666,0
id2576592,1,2016-05-25 00:17:12,2016-05-25 00:31:56,1,-73.98782348632812,40.74837112426758,-73.94969177246092,40.77025985717773,N,884,4.050746277707929,0
id0151378,1,2016-02-12 00:16:24,2016-02-12 00:24:29,2,-73.9783706665039,40.762821197509766,-73.9727783203125,40.75315856933594,N,485,1.173168480985614,0
id2695784,1,2016-05-28 00:27:44,2016-05-28 00:33:56,1,-73.98887634277344,40.72311019897461,-74.00511932373048,40.71913909912109,N,372,1.4493106708083003,0
id3530653,2,2016-05-23 00:19:33,2016-05-23 00:23:53,1,-73.96726989746092,40.760704040527344,-73.94911193847656,40.78240966796875,N,260,2.861295275378931,0
id2777527,2,2016-06-25 00:44:59,2016-06-25 00:51:41,1,-73.98269653320312,40.767723083496094,-73.97505187988281,40.7851448059082,N,402,2.040063710658568,0
id0154486,1,2016-02-06 00:29:46,2016-02-06 00:45:36,1,-73.97058868408203,40.75771331787109,-74.00527954101561,40.715526580810554,N,950,5.533796722026222,0
id2612942,2,2016-05-01 00:59:51,2016-05-01 01:05:19,3,-74.00062561035155,40.7183837890625,-74.00901794433594,40.70398712158203,N,328,1.7500188836778543,0
id3063474,2,2016-04-08 00:06:37,2016-04-08 00:39:59,1,-73.79016876220702,40.64398956298828,-73.91240692138672,40.836231231689446,N,2002,23.733997190462937,0
id0575737,1,2016-01-16 00:08:56,2016-01-16 00:18:04,3,-73.99775695800781,40.718067169189446,-73.98879241943358,40.73102188110352,N,548,1.6273870899200227,0
id0878098,2,2016-01-29 00:06:34,2016-01-29 00:20:43,1,-73.98597717285155,40.74107360839844,-73.97496795654298,40.78290557861328,N,849,4.736705356954048,0
id2081023,1,2016-01-16 00:03:25,2016-01-16 00:19:16,1,-73.9858169555664,40.75862884521485,-73.95903778076173,40.81183242797852,N,951,6.329084168046246,0
id0855066,2,2016-03-22 00:07:04,2016-03-22 00:26:46,1,-73.87117004394531,40.77381896972656,-73.92093658447266,40.70847702026367,N,1182,8.396403737213822,0
id3049978,1,2016-04-30 00:26:22,2016-04-30 00:38:51,1,-73.99275970458984,40.715229034423835,-73.97660064697266,40.74663925170898,N,749,3.7473293248975303,0
id0164730,1,2016-05-17 00:12:30,2016-05-17 00:30:43,1,-73.97950744628906,40.77611541748047,-73.9374008178711,40.821094512939446,N,1093,6.143007771454187,0
id2554611,1,2016-06-11 00:00:47,2016-06-11 00:03:03,1,-73.98236083984375,40.662212371826165,-73.99232482910156,40.666160583496094,N,136,0.9536090342115879,0
id3971095,1,2016-03-24 01:26:43,2016-03-24 01:28:35,1,-73.9904556274414,40.728828430175774,-73.98511505126953,40.73612976074219,N,112,0.928921489917345,1
id3805043,2,2016-02-28 01:04:03,2016-02-28 01:10:59,1,-73.97816467285155,40.76358413696289,-73.95516967773438,40.77776336669922,N,416,2.509483155473704,1
id3697558,1,2016-01-17 01:39:38,2016-01-17 01:45:54,2,-73.97626495361328,40.7589111328125,-73.99214935302734,40.748241424560554,N,376,1.7960025847359078,1
id0384515,2,2016-02-15 01:41:37,2016-02-15 02:00:15,2,-73.98507690429686,40.72795104980469,-73.905517578125,40.73884963989258,N,1118,6.8698954458821575,1
id2894623,2,2016-03-13 01:06:51,2016-03-13 01:12:24,1,-73.98779296875,40.75954818725586,-73.97022247314453,40.753028869628906,N,333,1.659572156283292,1
id0520453,1,2016-03-03 01:13:26,2016-03-03 01:19:57,1,-73.975341796875,40.75860977172852,-73.95143127441406,40.7792854309082,N,391,3.0655576376776166,1
id0077106,2,2016-02-10 01:06:49,2016-02-10 01:19:16,1,-73.94744873046875,40.81042098999024,-73.93180084228516,40.854995727539055,N,747,5.123453081064569,1
id3202014,2,2016-04-23 01:18:46,2016-04-23 01:35:40,3,-74.00371551513672,40.74212265014648,-73.98773193359375,40.721527099609375,N,1014,2.659339606891369,1
id3106806,2,2016-02-02 01:16:53,2016-02-02 01:18:01,2,-73.97371673583984,40.74792098999024,-73.97559356689453,40.7453498840332,N,68,0.3269542065027473,1
id2215828,1,2016-01-16 01:26:29,2016-01-16 01:32:46,1,-73.98438262939453,40.76012420654297,-73.9955825805664,40.76375961303711,N,377,1.0339887117886617,1
id3938544,1,2016-03-13 01:40:02,2016-03-13 01:44:21,1,-73.96128845214845,40.76088333129882,-73.97470092773438,40.74887466430664,N,259,1.7540027257596613,1
id3801991,2,2016-01-15 01:49:12,2016-01-15 01:59:29,6,-73.97404479980467,40.76401138305664,-74.0067138671875,40.73580551147461,N,617,4.18488275707108,1
id2877582,2,2016-01-14 01:23:18,2016-01-14 01:29:29,1,-73.96321868896483,40.77463912963867,-73.94745635986328,40.77560043334961,N,371,1.3440403660947156,1
id3986014,2,2016-02-04 01:17:30,2016-02-04 01:26:47,2,-74.00246429443358,40.73974609375,-73.98441314697266,40.775238037109375,N,557,4.22784998890453,1
id2707697,1,2016-02-06 01:40:08,2016-02-06 01:45:18,1,-73.98094177246092,40.72956848144531,-73.98056030273438,40.7426986694336,N,310,1.4578115120686126,1
id2597761,1,2016-06-25 01:10:25,2016-06-25 01:18:13,1,-73.9875717163086,40.7197380065918,-73.98453521728516,40.73618316650391,N,468,1.8435695176515492,1
id2435981,2,2016-04-28 01:45:55,2016-04-28 02:10:20,5,-73.9808120727539,40.73012924194336,-73.95352172851561,40.81169891357422,N,1465,9.346660209238996,1
id0117540,1,2016-01-13 01:04:16,2016-01-13 01:10:05,1,-73.99710083007811,40.72248458862305,-73.99971771240233,40.73361587524414,N,349,1.2554351871606604,1
id1940490,2,2016-02-20 01:12:08,2016-02-20 01:33:53,1,-73.98771667480467,40.719890594482415,-73.98406982421875,40.76142120361328,N,1305,4.620307893786497,1
id3010281,2,2016-02-19 01:33:03,2016-02-19 01:38:26,5,-73.95818328857422,40.81600189208984,-73.95600891113281,40.823101043701165,N,323,0.8093901336809888,1
id1933508,1,2016-01-03 02:54:11,2016-01-03 02:55:25,2,-73.99112701416014,40.760696411132805,-73.99522399902342,40.75473403930664,N,74,0.7478527449979347,2
id2621810,2,2016-06-06 02:49:13,2016-06-06 02:58:45,2,-73.98809051513672,40.73211669921875,-73.93904876708984,40.749805450439446,N,572,4.607812782682174,2
id3022071,2,2016-01-02 02:35:29,2016-01-02 02:53:21,1,-74.0052719116211,40.727989196777344,-73.95600891113281,40.66463851928711,N,1072,8.184247936244224,2
id0281333,1,2016-03-30 02:50:46,2016-03-30 03:15:33,2,-73.98558044433594,40.72718048095703,-73.86795043945312,40.853736877441406,N,1487,17.24269618400928,2
id1851036,1,2016-06-11 02:13:43,2016-06-11 02:39:19,1,-73.91179656982422,40.76798629760742,-73.95687103271484,40.8216209411621,N,1536,7.079731428355361,2
id1777339,2,2016-03-27 02:04:10,2016-03-27 02:22:16,5,-73.9724884033203,40.74948120117188,-73.97505950927734,40.64712142944336,N,1086,11.364036287482701,2
id1467096,1,2016-03-29 02:45:20,2016-03-29 02:48:35,1,-73.98725128173827,40.72516250610352,-73.98284912109375,40.73867034912109,N,195,1.5453561170591554,2
id2869723,2,2016-01-31 02:16:41,2016-01-31 02:32:18,6,-73.99237823486328,40.75917053222656,-73.95591735839844,40.76948928833008,N,937,3.3040554381312908,2
id2650015,2,2016-03-25 02:17:39,2016-03-25 02:25:30,1,-73.98822021484375,40.74592971801758,-73.98066711425781,40.7301139831543,N,471,1.8692579161138776,2
id0412080,2,2016-04-17 02:42:04,2016-04-17 02:51:22,3,-73.99241638183594,40.72438049316406,-74.00373077392578,40.74446868896485,N,558,2.428348001475646,2
id1181792,2,2016-05-22 02:41:30,2016-05-22 02:48:11,2,-74.00218200683594,40.73457717895508,-73.9855728149414,40.73874282836913,N,401,1.4855733864491814,2
id1929609,2,2016-05-21 02:48:30,2016-05-21 02:53:06,6,-73.99221801757811,40.72652053833008,-73.9999008178711,40.73036956787109,N,276,0.7803810780506101,2
id0107540,1,2016-06-09 02:21:16,2016-06-09 02:46:45,1,-73.98265075683594,40.757678985595696,-73.79012298583984,40.646934509277344,N,1529,20.467476189547398,2
id2577510,1,2016-05-08 02:24:08,2016-05-08 02:33:55,1,-73.9668426513672,40.76081848144531,-73.9812774658203,40.779144287109375,N,587,2.3755533821546977,2
id0450767,2,2016-03-26 02:11:22,2016-03-26 02:47:01,1,-73.98825073242188,40.74583053588867,-73.90888214111328,40.68421173095703,N,2139,9.606991985212815,2
id1770787,1,2016-03-20 02:05:05,2016-03-20 02:18:13,1,-73.98953247070312,40.72298049926758,-73.96643829345702,40.690723419189446,N,788,4.083335173470003,2
id0664468,2,2016-02-17 02:28:54,2016-02-17 02:50:05,6,-73.98555755615233,40.72320938110352,-73.96304321289062,40.80402755737305,N,1271,9.172670761033729,2
id0792716,1,2016-03-20 02:54:16,2016-03-20 03:03:28,1,-73.9865493774414,40.72194290161133,-73.9826431274414,40.73981475830078,N,552,2.011370760518152,2
id1731374,1,2016-05-01 02:12:58,2016-05-01 02:21:31,1,-73.97976684570312,40.78377151489258,-73.95761871337889,40.82034683227539,N,513,4.475110600689231,2
id3252195,2,2016-04-09 02:44:41,2016-04-09 03:03:47,2,-73.98900604248048,40.75886917114258,-73.92698669433594,40.76601791381836,N,1146,5.331031374980698,2
id0508733,2,2016-06-04 03:44:54,2016-06-04 03:59:10,2,-74.00071716308595,40.73214340209961,-73.95285797119139,40.780078887939446,N,856,6.697776171809813,3
id2013666,1,2016-03-31 03:12:11,2016-03-31 03:19:32,1,-73.96302795410156,40.7667236328125,-73.9574203491211,40.800411224365234,N,441,3.7695789932130683,3
id1167991,1,2016-04-08 03:07:20,2016-04-08 03:21:22,1,-73.9915313720703,40.72685241699219,-73.99095916748048,40.76032257080078,N,842,3.7155054274320225,3
id0368336,2,2016-02-27 03:51:31,2016-02-27 04:03:30,4,-73.98563385009764,40.7192611694336,-73.98391723632812,40.75738143920898,N,719,4.233864985930717,3
id1559725,2,2016-03-12 03:15:50,2016-03-12 03:30:55,1,-74.00057983398438,40.72988128662109,-73.97707366943358,40.74753952026367,N,905,2.7989195198411543,3
id3901348,1,2016-01-10 03:55:22,2016-01-10 04:05:36,1,-73.9140625,40.76532745361328,-73.92346954345702,40.743919372558594,N,614,2.5072186760405106,3
id0726836,2,2016-06-12 03:30:36,2016-06-12 03:49:03,1,-73.95734405517578,40.72243881225586,-73.97605895996092,40.7450065612793,N,1107,2.96743412081875,3
id1811553,2,2016-04-30 03:37:31,2016-04-30 03:52:28,1,-74.00245666503906,40.75017547607422,-74.009765625,40.70608139038086,N,897,4.933714955619612,3
id1186433,2,2016-01-17 03:45:56,2016-01-17 04:01:03,1,-74.00506591796875,40.71945571899414,-73.962158203125,40.77669143676758,N,907,7.325602126146859,3
id0293532,2,2016-05-15 03:33:25,2016-05-15 03:45:05,6,-73.98748016357422,40.72158050537109,-73.97765350341797,40.7446517944336,N,700,2.6936861943682255,3
id3968449,1,2016-05-15 03:39:14,2016-05-15 03:48:59,1,-73.97853088378906,40.74508666992188,-73.99527740478516,40.74972152709961,N,585,1.5135721335550394,3
id0803316,2,2016-02-21 03:40:14,2016-02-21 03:47:15,1,-73.98680877685547,40.749298095703125,-73.98312377929686,40.76580429077149,N,421,1.858768776616286,3
id1279971,2,2016-04-06 03:12:09,2016-04-06 03:24:19,1,-73.98703765869139,40.721099853515625,-73.94623565673827,40.693450927734375,N,730,4.631107223636354,3
id0865605,2,2016-01-31 03:43:06,2016-01-31 03:45:45,3,-74.00231170654298,40.73440933227539,-74.00698852539062,40.732818603515625,N,159,0.4349793840233255,3
id1506475,1,2016-02-04 03:58:10,2016-02-04 04:13:28,1,-73.98667907714845,40.7408561706543,-73.95774078369139,40.718788146972656,N,918,3.4714107602203756,3
id2262763,1,2016-05-23 03:12:31,2016-05-23 03:38:50,3,-74.00211334228516,40.70909118652344,-73.903076171875,40.774147033691406,N,1579,11.091038031897066,3
id0664558,2,2016-06-18 03:52:16,2016-06-18 04:07:24,3,-74.00029754638672,40.71834945678711,-73.97022247314453,40.74982833862305,N,908,4.329458431576169,3
id3854023,1,2016-01-23 03:59:14,2016-01-23 04:00:59,1,-73.99004364013672,40.73508834838867,-73.99416351318358,40.72832489013672,N,105,0.8284013727505696,3
id2269623,1,2016-02-27 03:48:27,2016-02-27 03:53:32,2,-74.00403594970702,40.7420654296875,-73.98994445800781,40.74822998046875,N,305,1.3794520747780443,3
id1379135,2,2016-06-26 03:22:35,2016-06-26 03:25:55,5,-73.98216247558594,40.75724029541016,-73.9864501953125,40.756080627441406,N,200,0.3865203134573111,3
id1471228,2,2016-02-23 04:13:25,2016-02-23 04:27:33,1,-73.95458221435547,40.7641716003418,-73.9373321533203,40.849876403808594,N,848,9.62556543299982,4
id3765984,2,2016-06-21 04:35:51,2016-06-21 04:57:54,1,-74.00254058837889,40.719688415527344,-73.91835021972656,40.70132827758789,N,1323,7.440717349503234,4
id3080424,1,2016-01-05 04:50:55,2016-01-05 05:37:11,1,-73.97617340087889,40.76276397705078,-73.78412628173827,40.64349365234375,N,2776,21.017716916392853,4
id3503991,1,2016-02-19 04:16:05,2016-02-19 04:47:00,2,-73.98869323730467,40.731178283691406,-73.90765380859375,40.64632034301758,N,1855,11.669246162983821,4
id2321651,1,2016-01-09 04:47:07,2016-01-09 04:52:34,1,-74.00390625,40.73834228515625,-73.99552154541014,40.759910583496094,N,327,2.4979122326579954,4
id1129258,2,2016-03-27 04:14:35,2016-03-27 04:16:15,3,-73.95243072509764,40.78096771240234,-73.94715118408203,40.79016876220703,N,100,1.1155598925521544,4
id1555300,2,2016-01-30 04:06:33,2016-01-30 04:08:05,1,-73.99640655517578,40.7220115661621,-73.99476623535155,40.7195701599121,N,92,0.30476027096959174,4
id1216472,2,2016-02-19 04:10:13,2016-02-19 04:27:33,1,-73.97811889648438,40.68512725830078,-73.99813842773438,40.76072692871094,N,1040,8.562358544477433,4
id0403808,1,2016-05-28 04:12:25,2016-05-28 04:37:17,1,-73.99140167236328,40.75475311279297,-73.94984436035155,40.67842864990234,N,1492,9.178926580809106,4
id2300061,1,2016-01-30 04:00:39,2016-01-30 04:18:34,1,-73.99291229248048,40.72418594360352,-74.0401611328125,40.71170425415039,N,1075,4.248410593285841,4
id0068980,1,2016-03-26 04:01:39,2016-03-26 04:12:34,1,-73.98722076416014,40.733562469482415,-73.95701599121092,40.712505340576165,N,655,3.4719931487203946,4
id2105012,2,2016-05-29 04:23:41,2016-05-29 04:28:14,1,-73.9900131225586,40.729351043701165,-73.97830963134764,40.7308464050293,N,273,1.0085492727318612,4
id1872611,2,2016-01-20 04:22:35,2016-01-20 04:26:24,5,-73.96768188476561,40.76015853881836,-73.97731018066406,40.76428985595703,N,229,0.9381253248831549,4
id2628006,1,2016-01-13 04:17:40,2016-01-13 04:23:56,1,-73.99396514892578,40.751026153564446,-73.98944854736328,40.76941680908203,N,376,2.0771494134565467,4
id0040854,2,2016-03-13 04:10:26,2016-03-13 04:22:59,6,-73.96156311035155,40.682411193847656,-73.93299865722656,40.69723510742188,N,753,2.933018901573554,4
id3105017,1,2016-01-12 04:10:36,2016-01-12 04:28:41,1,-73.98548889160156,40.719146728515625,-73.91169738769531,40.69290542602539,N,1085,6.915618785820808,4
id3706322,2,2016-06-19 04:20:19,2016-06-19 04:45:21,1,-73.98419952392578,40.72515106201172,-73.97205352783203,40.6453514099121,N,1502,8.917724286032778,4
id1841509,2,2016-02-21 04:30:38,2016-02-21 04:32:16,3,-73.98282623291014,40.74488067626953,-73.987548828125,40.738426208496094,N,98,0.8212388526282637,4
id2687190,2,2016-04-09 04:44:50,2016-04-09 05:01:54,1,-73.99324035644531,40.74748611450195,-74.00126647949219,40.675586700439446,N,1024,8.009940788070265,4
id3086347,2,2016-03-08 04:06:25,2016-03-08 04:21:34,2,-74.0063247680664,40.70966339111328,-74.02167510986328,40.63825225830078,N,909,8.033305830464741,4
id1230333,1,2016-04-28 05:30:20,2016-04-28 05:36:43,1,-73.9909896850586,40.75594329833984,-73.97348022460938,40.760299682617195,N,383,1.564889191078258,5
id1621587,1,2016-01-08 05:38:41,2016-01-08 05:38:57,1,-73.99565887451173,40.74265670776367,-73.99567413330078,40.74264907836913,N,16,0.0015489925721954064,5
id2089012,1,2016-02-20 05:02:06,2016-02-20 05:21:23,1,-73.98825073242188,40.723529815673835,-73.92420959472656,40.741729736328125,N,1157,5.806274952353609,5
id2766238,2,2016-05-05 05:22:40,2016-05-05 05:30:32,1,-73.9122314453125,40.74593353271485,-73.94253540039062,40.76028060913086,N,472,3.028377361893968,5
id3681752,2,2016-03-18 05:49:51,2016-03-18 06:11:38,1,-73.98283386230467,40.76409912109375,-73.87102508544923,40.77410125732422,N,1307,9.568375782777135,5
id0930163,1,2016-04-09 05:12:42,2016-04-09 05:20:36,1,-73.95216369628906,40.732757568359375,-73.9869613647461,40.72086334228516,N,474,3.2390856233658454,5
id3381075,2,2016-02-11 05:52:43,2016-02-11 06:25:35,3,-73.99734497070312,40.73948669433594,-73.78624725341797,40.64410018920898,N,1972,20.834248230507317,5
id3061302,2,2016-04-03 05:50:22,2016-04-03 06:15:47,1,-73.99029541015625,40.760860443115234,-73.88378143310547,40.734188079833984,N,1525,9.525471697167738,5
id3824802,2,2016-02-03 05:31:00,2016-02-03 05:37:56,1,-73.95282745361328,40.76784133911133,-73.97884368896483,40.737010955810554,N,416,4.074489718139896,5
id3326747,2,2016-02-15 05:38:40,2016-02-15 05:53:04,1,-73.95252227783203,40.768508911132805,-73.87268829345702,40.77431869506836,N,864,6.816462648751329,5
id0924439,2,2016-06-28 05:54:10,2016-06-28 06:04:27,1,-73.99656677246092,40.73722839355469,-73.98129272460938,40.721088409423835,N,617,2.2125046317452317,5
id2248569,1,2016-02-23 05:44:24,2016-02-23 06:01:58,1,-73.98212432861328,40.743267059326165,-73.88523864746092,40.77249526977539,N,1054,8.85130331543735,5
id2745968,2,2016-06-02 05:33:11,2016-06-02 05:44:04,2,-73.92250061035155,40.74378204345703,-73.96134948730467,40.76919174194336,N,653,4.342730993305215,5
id3881152,1,2016-06-01 05:40:27,2016-06-01 05:54:18,2,-73.95004272460938,40.77629470825195,-73.99149322509764,40.74954605102539,N,831,4.607510260114165,5
id2324185,1,2016-01-11 05:48:20,2016-01-11 05:57:35,1,-73.96615600585938,40.789581298828125,-73.98306274414062,40.754253387451165,N,555,4.176426900062409,5
id3332616,2,2016-03-20 05:58:11,2016-03-20 06:21:27,1,-73.79010009765625,40.644981384277344,-73.9787368774414,40.76224136352539,N,1396,20.652015814325072,5
id0916209,1,2016-03-03 05:13:30,2016-03-03 05:40:37,1,-73.97333526611328,40.75564193725586,-74.18334197998048,40.68807601928711,N,1627,19.36207961473132,5
id3867453,1,2016-03-31 05:25:44,2016-03-31 05:31:50,2,-73.98185729980467,40.743560791015625,-74.00257873535155,40.756141662597656,N,366,2.2477550054182163,5
id0222411,1,2016-02-03 05:34:29,2016-02-03 05:47:37,1,-73.9490737915039,40.7813835144043,-73.99539184570312,40.736862182617195,N,788,6.318409541115145,5
id0415386,1,2016-03-25 05:38:35,2016-03-25 05:50:04,1,-73.97889709472656,40.78510284423828,-73.97903442382812,40.75071716308594,N,689,3.816828457629309,5
id3735941,2,2016-01-28 06:16:57,2016-01-28 06:18:39,3,-73.96062469482422,40.77267837524414,-73.96649169921875,40.764122009277344,N,102,1.0727230384472628,6
id1511506,2,2016-02-28 06:46:05,2016-02-28 06:59:09,1,-73.98650360107422,40.72198486328125,-73.99119567871094,40.75632095336913,N,784,3.8321163969711955,6
id0638104,1,2016-05-24 06:06:55,2016-05-24 06:13:50,1,-74.00408172607422,40.73824691772461,-73.98028564453125,40.751331329345696,N,415,2.4900922132795493,6
id2658364,2,2016-01-19 06:57:43,2016-01-19 07:02:52,5,-73.95719909667967,40.777305603027344,-73.9541015625,40.76650619506836,N,309,1.2273083230469204,6
id1076113,1,2016-04-14 06:11:53,2016-04-14 06:16:21,1,-73.97810363769531,40.75215530395508,-73.9784927368164,40.76279067993164,N,268,1.1809899321031467,6
id0976684,1,2016-04-04 06:46:06,2016-04-04 06:58:55,1,-73.93954467773438,40.75164794921875,-73.96846008300781,40.76212310791016,N,769,2.718969965265704,6
id3527764,2,2016-04-09 06:22:38,2016-04-09 06:28:15,1,-74.00106048583984,40.729148864746094,-73.98877716064453,40.73394012451172,N,337,1.1717301458994493,6
id0579122,1,2016-02-18 06:26:46,2016-02-18 06:29:23,1,-73.97758483886719,40.7547264099121,-73.97466278076173,40.763229370117195,N,157,0.9759623476086815,6
id1965750,1,2016-02-06 06:25:55,2016-02-06 06:55:58,1,-73.78199768066406,40.644634246826165,-73.98514556884764,40.71890640258789,N,1803,19.13467997199303,6
id2796840,1,2016-03-13 06:21:11,2016-03-13 06:24:59,1,-73.98029327392578,40.74536895751953,-73.9832763671875,40.7429084777832,N,228,0.37267278650209834,6
id0833813,1,2016-03-04 06:36:12,2016-03-04 06:43:15,1,-73.97811889648438,40.74506759643555,-73.9846954345703,40.75422668457031,N,423,1.1602079534746563,6
id2708346,2,2016-06-03 06:32:56,2016-06-03 06:37:33,1,-73.97457885742188,40.78830337524414,-73.95558929443358,40.78778076171875,N,277,1.615154939106308,6
id2410885,1,2016-02-26 06:05:12,2016-02-26 06:16:40,3,-73.9461669921875,40.792213439941406,-73.97907257080078,40.75603866577149,N,688,4.893516240528082,6
id0291496,2,2016-01-19 06:26:49,2016-01-19 06:33:05,6,-73.99336242675781,40.75265121459961,-73.97408294677734,40.76034927368164,N,376,1.8481516243623402,6
id2961228,1,2016-04-06 06:20:36,2016-04-06 06:33:19,1,-74.01583862304686,40.71116638183594,-73.9873046875,40.69392013549805,N,763,3.089848253087594,6
id0084762,1,2016-01-04 06:12:31,2016-01-04 06:16:18,1,-73.97350311279298,40.74755859375,-73.98570251464844,40.75130081176758,N,227,1.1170538262737806,6
id2111499,1,2016-03-21 06:29:49,2016-03-21 06:31:59,1,-73.99034881591797,40.75680923461913,-73.98849487304686,40.7641487121582,N,130,0.8297830137372899,6
id1959058,2,2016-01-04 06:49:42,2016-01-04 07:08:37,1,-73.96703338623048,40.803985595703125,-74.01371002197266,40.715190887451165,N,1135,10.62478681073451,6
id2182158,1,2016-06-21 06:24:09,2016-06-21 06:31:54,1,-73.98050689697266,40.73060607910156,-73.97281646728516,40.75763320922852,N,465,3.0704030249480745,6
id2243107,1,2016-01-12 06:28:35,2016-01-12 06:40:27,1,-73.99153900146483,40.73021697998047,-73.95968627929686,40.77364349365234,N,712,5.528667312591249,6
id3267151,2,2016-06-30 07:25:11,2016-06-30 07:35:04,3,-73.9898910522461,40.756641387939446,-73.97933959960938,40.75236892700195,N,593,1.0145386179152096,7
id0387907,1,2016-02-29 07:41:23,2016-02-29 07:55:41,1,-73.99996185302734,40.76147079467773,-74.0133056640625,40.71636962890625,N,858,5.133107903919191,7
id0175666,1,2016-03-03 07:33:37,2016-03-03 07:49:10,1,-73.98246002197266,40.77288818359375,-73.95892333984375,40.76568222045898,N,933,2.1545884473684613,7
id2026530,2,2016-05-25 07:21:21,2016-05-25 07:31:12,1,-73.94818878173827,40.77448272705078,-73.97178649902342,40.755706787109375,N,591,2.8925512380891014,7
id1651758,1,2016-04-28 07:27:48,2016-04-28 07:35:41,1,-73.96047210693358,40.81424331665039,-73.97462463378906,40.79302215576172,N,473,2.6449451211523143,7
id0441275,1,2016-04-22 07:21:40,2016-04-22 07:32:25,1,-74.00627899169923,40.73395538330078,-73.98587036132812,40.760356903076165,N,645,3.405515155662522,7
id3903211,1,2016-04-28 07:16:15,2016-04-28 07:20:31,1,-73.98926544189453,40.74160003662109,-73.99444580078125,40.75010681152344,N,256,1.0418746662662282,7
id1022007,2,2016-03-11 07:48:19,2016-03-11 07:54:36,1,-73.98612213134764,40.72238159179688,-73.98944854736328,40.7342185974121,N,377,1.3439859306895126,7
id2315759,2,2016-05-12 07:58:36,2016-05-12 08:17:58,5,-73.95530700683594,40.77706527709961,-73.96096801757811,40.81026458740234,N,1162,3.716406150778142,7
id3580426,1,2016-03-29 07:37:32,2016-03-29 07:43:08,1,-73.98358154296875,40.73839569091797,-73.9747543334961,40.75192260742188,N,336,1.6785215860274796,7
id3522451,1,2016-04-01 07:57:46,2016-04-01 08:10:44,1,-73.97196197509764,40.76036071777344,-73.94823455810547,40.776329040527344,N,778,2.6850147026609315,7
id2849244,2,2016-05-17 07:40:46,2016-05-17 08:26:50,1,-73.9918212890625,40.72608184814453,-73.96161651611328,40.80559158325195,N,2764,9.191433234523382,7
id2802429,2,2016-04-19 07:07:49,2016-04-19 07:14:57,1,-74.00066375732422,40.73208618164063,-73.98439788818358,40.7544059753418,N,428,2.8371766845180644,7
id0187335,2,2016-01-19 07:41:22,2016-01-19 08:04:53,1,-73.96796417236328,40.76716613769531,-74.00658416748048,40.704395294189446,N,1411,7.702146421055692,7
id0327869,2,2016-06-23 07:25:23,2016-06-23 07:33:08,5,-73.94001770019531,40.75117874145508,-73.96473693847656,40.76013946533203,N,465,2.3246674561613614,7
id3624702,2,2016-06-01 07:16:54,2016-06-01 07:24:24,2,-73.99183654785155,40.74996948242188,-73.97869110107422,40.757129669189446,N,450,1.3711952563310952,7
id3165752,2,2016-03-14 07:50:20,2016-03-14 08:11:06,2,-73.97052764892578,40.788330078125,-73.97348022460938,40.75546646118164,N,1246,3.656484484836896,7
id2673542,2,2016-06-16 07:09:13,2016-06-16 07:14:39,6,-73.9830322265625,40.764381408691406,-73.97187805175781,40.759719848632805,N,326,1.0801110611033462,7
id0811141,1,2016-06-09 07:24:55,2016-06-09 07:31:58,1,-73.99483489990233,40.75049591064453,-73.98088836669923,40.76514434814453,N,423,2.0122385800102047,7
id3136677,1,2016-05-14 07:49:46,2016-05-14 07:51:37,1,-73.99185943603516,40.76456069946289,-73.98423767089844,40.76172256469727,N,111,0.7203856156225681,7
id1148932,1,2016-03-16 08:17:46,2016-03-16 08:30:06,1,-73.9925765991211,40.75436401367188,-73.97441101074217,40.75704956054688,N,740,1.5725866244971887,8
id2886842,2,2016-01-05 08:54:15,2016-01-05 09:04:14,3,-73.97885131835938,40.762298583984375,-73.98879241943358,40.75894165039063,N,599,0.9235039562428508,8
id0009579,1,2016-01-05 08:00:04,2016-01-05 08:08:24,1,-73.97175598144531,40.74680709838867,-73.97378540039062,40.76315689086913,N,500,1.8230066853045461,8
id1450723,2,2016-06-07 08:11:06,2016-06-07 08:22:35,2,-73.99547576904298,40.72526550292969,-74.01182556152342,40.716796875,N,689,1.6777929882554807,8
id3533961,2,2016-05-24 08:46:37,2016-05-24 08:57:04,6,-73.97769927978516,40.74634552001953,-73.97506713867188,40.755229949951165,N,627,1.0112322539873517,8
id1025137,2,2016-01-28 08:04:05,2016-01-28 08:31:12,6,-73.98989868164062,40.76701354980469,-73.99685668945312,40.73572540283203,N,1627,3.52298315003624,8
id3949243,1,2016-04-12 08:18:54,2016-04-12 08:28:50,1,-73.96261596679686,40.77161407470703,-73.95235443115233,40.78986740112305,N,596,2.205888764214956,8
id0296058,2,2016-06-15 08:27:44,2016-06-15 08:36:19,2,-73.96397399902342,40.772846221923835,-73.9721450805664,40.756851196289055,N,515,1.9064636230678664,8
id3172999,2,2016-01-25 08:08:23,2016-01-25 08:14:22,1,-73.98011016845702,40.743141174316406,-73.97559356689453,40.75460052490234,N,359,1.328661361634282,8
id3551080,1,2016-01-17 08:26:39,2016-01-17 08:33:20,1,-73.97958374023438,40.77127456665039,-73.96812438964845,40.78981399536133,N,401,2.276756315241768,8
id2657443,2,2016-05-24 08:03:38,2016-05-24 09:06:57,6,-74.0008316040039,40.72586441040039,-73.78695678710938,40.64712905883789,N,3799,20.171022224359536,8
id0998298,1,2016-02-26 08:52:02,2016-02-26 08:58:47,1,-73.99385070800781,40.756393432617195,-73.98892211914062,40.753372192382805,N,405,0.5366257113284402,8
id3291911,2,2016-03-03 08:28:48,2016-03-03 08:54:57,1,-73.95999908447266,40.78205871582031,-73.98941040039062,40.752479553222656,N,1569,4.126715777514617,8
id2313956,1,2016-04-22 08:18:18,2016-04-22 08:42:51,1,-73.97309875488281,40.76430892944336,-74.0138168334961,40.71495056152344,N,1473,6.4804160732885,8
id0628049,2,2016-04-14 08:37:36,2016-04-14 08:44:00,1,-74.00719451904298,40.7308006286621,-74.00696563720702,40.71744537353516,N,384,1.4825609737424053,8
id3013288,2,2016-03-01 08:45:51,2016-03-01 08:51:46,5,-73.98357391357422,40.750045776367195,-73.99380493164062,40.73593521118164,N,355,1.7915016010042357,8
id0491620,1,2016-01-14 08:22:29,2016-01-14 08:29:18,1,-73.98056030273438,40.73012924194336,-73.98197937011719,40.73654556274414,N,409,0.7223536085222121,8
id0597682,2,2016-03-03 08:57:29,2016-03-03 08:59:20,1,-73.99482727050781,40.74470901489258,-73.98976898193358,40.74266052246094,N,111,0.48637821792589003,8
id3018224,2,2016-06-01 08:45:39,2016-06-01 09:00:44,1,-73.97615051269531,40.74842071533203,-73.97828674316406,40.76519012451172,N,905,1.8702399734571393,8
id1853052,1,2016-02-08 08:22:24,2016-02-08 08:33:47,1,-74.01441955566406,40.71696853637695,-73.99594116210938,40.73880386352539,N,683,2.888149699256498,8
id2055121,1,2016-03-02 09:32:45,2016-03-02 09:39:09,1,-73.98822784423827,40.7318115234375,-73.9964828491211,40.7255859375,N,384,0.9848272557456141,9
id1466825,1,2016-03-15 09:26:29,2016-03-15 09:33:01,1,-74.00238037109375,40.72954559326172,-73.99947357177734,40.741119384765625,N,392,1.3082347294196133,9
id1975458,1,2016-02-16 09:01:40,2016-02-16 09:25:38,1,-73.95438385009764,40.76615524291992,-73.99381256103516,40.75675582885742,N,1438,3.5100855822139843,9
id2546064,2,2016-06-27 09:09:43,2016-06-27 09:20:18,1,-73.98255157470702,40.7542381286621,-73.99884796142578,40.763710021972656,N,635,1.7390110769219016,9
id3236896,1,2016-01-06 09:55:21,2016-01-06 10:08:30,1,-73.9732894897461,40.7550163269043,-73.98635864257811,40.75043487548828,N,789,1.2217462780622164,9
id0629475,1,2016-02-04 09:15:16,2016-02-04 09:22:30,1,-73.97408294677734,40.76231384277344,-73.97493743896483,40.75561141967773,N,434,0.7475059882214994,9
id3820884,2,2016-06-30 09:08:48,2016-06-30 09:23:49,1,-73.970703125,40.75619888305664,-73.96488952636719,40.77545928955078,N,901,2.1942717113517034,9
id0509512,2,2016-06-30 09:28:37,2016-06-30 09:44:32,2,-73.96864318847656,40.750579833984375,-73.9884033203125,40.748340606689446,N,955,1.6979025321333063,9
id0046266,2,2016-03-25 09:06:07,2016-03-25 09:13:17,5,-74.0006103515625,40.7476692199707,-73.99015045166014,40.7393684387207,N,430,1.280405078911741,9
id0631623,1,2016-04-18 09:37:16,2016-04-18 09:57:47,1,-73.99302673339844,40.749637603759766,-73.9750747680664,40.751514434814446,N,1231,1.540072567070388,9
id1467328,1,2016-01-06 09:17:12,2016-01-06 09:24:04,2,-73.99417114257811,40.75107192993164,-73.98591613769531,40.75871658325195,N,412,1.101088803525945,9
id0677923,2,2016-06-26 09:48:53,2016-06-26 09:51:38,2,-73.97747039794923,40.738258361816406,-73.97490692138672,40.74629974365234,N,165,0.9188043323297916,9
id1926399,2,2016-03-26 09:24:26,2016-03-26 09:25:42,5,-73.98384857177734,40.752540588378906,-73.98828887939453,40.75399017333984,N,76,0.4102932752191985,9
id1583360,2,2016-01-16 09:23:27,2016-01-16 09:27:51,1,-73.98416900634764,40.743309020996094,-73.98107147216798,40.754688262939446,N,264,1.290245317071473,9
id0175540,1,2016-06-05 09:24:45,2016-06-05 09:35:26,2,-74.01568603515625,40.71092224121094,-73.9987030029297,40.751346588134766,N,641,4.713591822459574,9
id0584653,2,2016-03-06 09:54:02,2016-03-06 09:58:58,1,-74.00682830810547,40.71646881103516,-73.99664306640625,40.710479736328125,N,296,1.0915390473781414,9
id1872423,1,2016-06-06 09:59:52,2016-06-06 10:12:11,1,-73.99076080322266,40.755874633789055,-73.98270416259764,40.745452880859375,N,739,1.3443179670721632,9
id3561469,2,2016-06-15 09:22:15,2016-06-15 09:31:58,1,-73.9866485595703,40.742919921875,-73.97525787353516,40.75494003295898,N,583,1.6485154681143739,9
id0784398,1,2016-01-05 09:27:58,2016-01-05 09:31:23,1,-73.99012756347656,40.73239135742188,-73.98823547363281,40.7373161315918,N,205,0.5698172319515885,9
id1710822,2,2016-01-06 09:07:07,2016-01-06 09:15:38,1,-73.99710845947266,40.74220657348633,-74.0069808959961,40.74172592163086,N,511,0.8408514255835438,9
id1892573,1,2016-04-29 10:09:00,2016-04-29 10:36:10,4,-73.96348571777344,40.77436447143555,-73.9924087524414,40.7376823425293,N,1630,4.756352507304414,10
id1897155,1,2016-03-22 10:59:14,2016-03-22 11:20:01,1,-73.98155975341797,40.749813079833984,-73.9600067138672,40.773868560791016,N,1247,3.238209450501574,10
id1251452,1,2016-01-18 10:32:52,2016-01-18 10:38:05,2,-73.96915435791014,40.78562545776367,-73.9563980102539,40.80294418334961,N,313,2.2070847471570962,10
id3793349,1,2016-06-16 10:06:37,2016-06-16 10:34:41,1,-73.96736907958984,40.763568878173835,-73.99589538574217,40.732864379882805,N,1684,4.182722477016677,10
id0463183,2,2016-04-24 10:23:47,2016-04-24 10:45:35,2,-73.98262023925781,40.77569961547852,-73.97347259521484,40.757171630859375,N,1308,2.1986843900686455,10
id0920905,2,2016-03-13 10:29:06,2016-03-13 10:31:32,1,-73.9420394897461,40.812408447265625,-73.94709014892578,40.81499862670898,N,146,0.516687159410283,10
id1723018,2,2016-05-31 10:41:45,2016-05-31 10:59:00,1,-73.97559356689453,40.7524299621582,-74.00811004638672,40.70613098144531,N,1035,5.835271113384671,10
id2414690,1,2016-03-07 10:26:41,2016-03-07 10:54:24,1,-73.8626708984375,40.76884460449219,-73.97391510009764,40.783973693847656,N,1663,9.603722649475985,10
id3945527,2,2016-06-09 10:23:15,2016-06-09 10:45:15,1,-73.98857879638672,40.75358963012695,-73.95745086669923,40.7741813659668,N,1320,3.496425982831904,10
id2287737,1,2016-03-05 10:53:58,2016-03-05 11:00:00,1,-73.97868347167967,40.75976943969727,-73.97806549072266,40.75338363647461,N,362,0.7107678365037023,10
id1733592,2,2016-01-05 10:28:30,2016-01-05 10:37:21,1,-73.9896469116211,40.72630310058594,-74.00444793701173,40.72850036621094,N,531,1.2815103560756498,10
id3068192,2,2016-01-06 10:19:40,2016-01-06 10:32:04,1,-73.99787139892578,40.7408332824707,-74.00762939453125,40.71404266357422,N,744,3.087263237281944,10
id2890986,2,2016-01-09 10:32:40,2016-01-09 10:43:31,5,-73.98497772216798,40.75437927246094,-73.97148132324217,40.78379821777344,N,651,3.4611505670718596,10
id0961365,1,2016-03-11 10:10:43,2016-03-11 10:24:06,1,-73.9812774658203,40.76488876342773,-73.99161529541014,40.74995040893555,N,803,1.876599784014794,10
id2176047,2,2016-01-26 10:32:46,2016-01-26 10:48:02,6,-73.99466705322266,40.750503540039055,-73.98211669921875,40.746280670166016,N,916,1.1652191188454577,10
id0811833,2,2016-02-18 10:22:06,2016-02-18 10:36:21,1,-73.98233795166014,40.770469665527344,-73.97178649902342,40.760231018066406,N,855,1.4477538634110456,10
id2852659,1,2016-06-08 10:21:08,2016-06-08 10:32:15,1,-73.97299194335938,40.75910568237305,-73.9858169555664,40.74092483520508,N,667,2.293686463139845,10
id0553063,1,2016-06-30 10:34:52,2016-06-30 10:42:23,1,-73.97271728515625,40.76456832885742,-73.97737884521484,40.75368118286133,N,451,1.2717734726835412,10
id0514270,2,2016-06-14 10:50:42,2016-06-14 11:10:50,1,-73.9727783203125,40.75994873046875,-73.98596954345702,40.75218963623047,N,1208,1.4138522968695397,10
id3690871,2,2016-03-07 10:59:21,2016-03-07 11:24:15,1,-73.86308288574217,40.76884078979492,-73.9402618408203,40.7076301574707,N,1494,9.444573727101206,10
id1143217,2,2016-04-10 11:13:04,2016-04-10 11:17:37,5,-73.95854949951173,40.76433944702149,-73.95530700683594,40.779491424560554,N,273,1.70430248049224,11
id3682328,2,2016-06-23 11:43:13,2016-06-23 12:18:33,2,-73.97335052490233,40.763790130615234,-74.00411987304686,40.740589141845696,N,2120,3.6704916836042853,11
id2503952,1,2016-05-08 11:53:11,2016-05-08 12:03:55,2,-73.97236633300781,40.74342346191406,-74.0149917602539,40.71013641357422,N,644,5.174872541695887,11
id2057733,1,2016-05-09 11:34:57,2016-05-09 11:42:32,1,-73.98621368408203,40.75153350830078,-73.9755859375,40.76532745361328,N,455,1.777753988427516,11
id0214342,1,2016-06-04 11:30:05,2016-06-04 11:39:49,2,-73.98959350585938,40.757102966308594,-73.98269653320312,40.77222442626953,N,584,1.7779152077906912,11
id3718963,1,2016-02-28 11:52:26,2016-02-28 11:54:34,1,-73.99344635009764,40.72745132446289,-73.99067687988281,40.73070907592773,N,128,0.43148301192539307,11
id2992437,2,2016-01-05 11:05:26,2016-01-05 11:18:09,5,-73.9845199584961,40.760150909423835,-74.00598907470702,40.739990234375,N,763,2.8875722494693616,11
id1321590,2,2016-04-04 11:21:51,2016-04-04 11:34:45,1,-73.99862670898438,40.7197265625,-73.99589538574217,40.73286819458008,N,774,1.477080512462048,11
id1657181,1,2016-05-10 11:36:44,2016-05-10 11:50:17,1,-73.98478698730467,40.72429275512695,-73.98063659667967,40.74519729614258,N,813,2.3470685879098734,11
id2806721,1,2016-01-09 11:09:42,2016-01-09 11:18:30,1,-73.99768829345702,40.72406768798828,-74.01663970947266,40.715423583984375,N,528,1.8749760053923927,11
id2211567,1,2016-04-20 11:18:11,2016-04-20 11:50:11,1,-73.94680786132812,40.775894165039055,-73.98763275146483,40.76295471191406,N,1920,3.7556092613115517,11
id1724992,1,2016-02-06 11:40:22,2016-02-06 11:56:06,1,-74.00497436523438,40.70740509033203,-73.99339294433594,40.74306488037109,N,944,4.078813797334296,11
id3596685,1,2016-01-25 11:56:01,2016-01-25 12:08:59,1,-73.96478271484375,40.76963806152344,-73.97968292236328,40.754764556884766,N,778,2.0808009513547634,11
id1453209,2,2016-03-21 11:50:51,2016-03-22 00:00:00,6,-73.95850372314453,40.80022048950195,-73.9583969116211,40.78433990478516,N,43749,1.7627682839523442,11
id1513191,2,2016-03-20 11:10:09,2016-03-20 11:25:52,1,-74.0052261352539,40.74609756469727,-73.96773529052734,40.770267486572266,N,943,4.165686107682979,11
id1843676,1,2016-01-25 11:38:22,2016-01-25 11:49:25,1,-73.95563507080078,40.764305114746094,-73.97531127929686,40.76314926147461,N,663,1.677391590397001,11
id2806245,2,2016-03-27 11:27:13,2016-03-27 11:44:51,6,-73.9740982055664,40.756999969482415,-73.98095703125,40.780960083007805,N,1058,2.722722100248998,11
id0967503,1,2016-02-04 11:25:46,2016-02-04 11:37:11,1,-73.98240661621094,40.75873565673828,-73.9784927368164,40.74252700805664,N,685,1.8296591305111607,11
id3808753,2,2016-04-17 11:45:30,2016-04-17 11:56:05,1,-73.98655700683594,40.761478424072266,-73.966796875,40.77246856689453,N,635,2.0758767049973152,11
id2938991,2,2016-05-08 11:00:51,2016-05-08 11:10:46,1,-73.98213958740233,40.74325942993164,-73.98902130126953,40.749298095703125,N,595,0.8896362622446203,11
id3644299,1,2016-04-19 12:29:36,2016-04-19 12:59:16,3,-73.97525024414062,40.74786376953125,-73.99608612060547,40.74941253662109,N,1780,1.7793736144560761,12
id2521332,2,2016-06-15 12:56:54,2016-06-15 13:16:41,1,-73.9830780029297,40.75563049316406,-73.9672622680664,40.788101196289055,N,1187,3.8467970051516684,12
id3367353,2,2016-06-27 12:57:04,2016-06-27 13:02:19,5,-73.96224975585938,40.77034759521485,-73.95623016357422,40.7814826965332,N,315,1.3377175133240518,12
id3605482,2,2016-04-29 12:05:11,2016-04-29 12:13:40,2,-73.98902893066406,40.7368392944336,-73.97776794433594,40.751590728759766,N,509,1.8966575392465719,12
id2829192,1,2016-06-07 12:47:38,2016-06-07 12:53:21,1,-73.98043823242188,40.74527359008789,-73.98653411865233,40.73867416381836,N,343,0.897267640223073,12
id3740382,2,2016-04-10 12:57:34,2016-04-10 13:20:55,5,-73.95883178710938,40.780521392822266,-73.98336029052734,40.76422882080078,N,1401,2.759979466635676,12
id2478456,2,2016-01-18 12:25:46,2016-01-18 12:35:42,1,-73.95867156982422,40.77511596679688,-73.97771453857422,40.78303909301758,N,596,1.8421448456840608,12
id0744512,2,2016-04-17 12:15:37,2016-04-17 12:26:25,1,-73.95315551757811,40.77180480957031,-73.98084259033203,40.77911376953125,N,648,2.4893163698683503,12
id0654235,1,2016-01-14 12:57:56,2016-01-14 13:25:09,1,-73.99269104003906,40.75313949584961,-74.00791931152342,40.74274826049805,N,1633,1.7337454986338288,12
id1229761,1,2016-03-20 12:26:56,2016-03-20 12:48:16,2,-73.86334991455078,40.77006149291992,-73.95156860351561,40.759395599365234,N,1280,7.591474377137925,12
id0876986,1,2016-05-20 12:47:57,2016-05-20 13:22:07,2,-74.01608276367188,40.71474838256836,-73.9793472290039,40.7580451965332,N,2050,5.7312524164059955,12
id3425031,1,2016-05-28 12:16:39,2016-05-28 12:25:21,1,-73.97930145263672,40.77669525146485,-73.99318695068358,40.75761032104492,N,522,2.425028887655148,12
id3944354,1,2016-06-20 12:13:23,2016-06-20 12:17:45,1,-73.94525909423827,40.77416610717773,-73.95513153076173,40.77930450439453,N,262,1.0146415923606138,12
id2160298,2,2016-06-02 12:27:23,2016-06-02 12:55:57,6,-73.97386169433594,40.75817108154297,-73.904052734375,40.76617050170898,N,1714,5.999829696267999,12
id1323622,2,2016-03-11 12:23:41,2016-03-11 12:27:25,3,-73.98152923583984,40.78066635131836,-73.97517395019531,40.777446746826165,N,224,0.6477136232587477,12
id2067354,1,2016-02-13 12:35:34,2016-02-13 12:49:55,2,-73.98359680175781,40.7481689453125,-73.96306610107422,40.77806854248047,N,861,3.7496943577899398,12
id3040646,1,2016-03-07 12:16:40,2016-03-07 12:31:06,2,-73.98247528076173,40.77126693725586,-73.95653533935547,40.774932861328125,N,866,2.2421293356046386,12
id1664057,2,2016-04-27 12:22:00,2016-04-27 12:26:45,1,-73.9598617553711,40.77048873901367,-73.96495819091797,40.7690315246582,N,285,0.462409968109375,12
id1546641,2,2016-03-02 12:06:14,2016-03-02 12:11:57,1,-73.97702026367188,40.73380661010742,-73.98275756835938,40.73944091796875,N,343,0.7930689046652839,12
id3361508,2,2016-06-20 12:24:55,2016-06-20 13:12:39,1,-73.87291717529298,40.774169921875,-73.9788818359375,40.7622299194336,N,2864,9.103983005597865,12
id1936499,2,2016-06-14 13:58:36,2016-06-14 14:09:01,6,-73.98447418212889,40.74589538574219,-73.99456787109375,40.75006103515625,N,625,0.9746298220763524,13
id2839223,1,2016-06-19 13:28:37,2016-06-19 13:34:58,1,-73.98540496826173,40.72207260131836,-73.9978256225586,40.72153472900391,N,381,1.0574424173652612,13
id0049700,1,2016-02-17 13:04:00,2016-02-17 13:27:58,2,-73.99385070800781,40.751731872558594,-73.97472381591797,40.7574577331543,N,1438,1.745602890413721,13
id0786186,1,2016-04-06 13:47:59,2016-04-06 13:57:45,2,-73.97439575195312,40.76507186889648,-73.97583770751953,40.75242614746094,N,586,1.4090160422897486,13
id0752072,1,2016-05-18 13:48:48,2016-05-18 13:54:54,1,-73.94013977050781,40.79358673095703,-73.9519805908203,40.77718353271485,N,366,2.0804158474418766,13
id1623882,2,2016-04-10 13:41:35,2016-04-10 14:06:21,5,-73.9824676513672,40.771381378173835,-74.01629638671875,40.715309143066406,N,1486,6.856133813580722,13
id1807057,2,2016-03-17 13:08:54,2016-03-17 13:18:40,2,-74.00209045410156,40.73482894897461,-73.98688507080078,40.72590637207031,N,586,1.6282968754055493,13
id2425607,2,2016-03-22 13:58:49,2016-03-22 14:11:50,5,-73.98274993896483,40.75761032104492,-73.9850082397461,40.76755142211913,N,781,1.120033842684827,13
id2181463,1,2016-06-09 13:15:56,2016-06-09 13:23:51,1,-73.97013854980467,40.76174545288086,-73.96345520019531,40.7549057006836,N,475,0.9482214173620711,13
id0703081,2,2016-05-18 13:11:09,2016-05-18 13:48:32,1,-73.9924087524414,40.69452667236328,-73.88568115234375,40.77317810058594,N,2243,12.59034062584156,13
id2289416,2,2016-02-15 13:33:27,2016-02-15 13:59:06,5,-73.9789810180664,40.762508392333984,-73.87084197998048,40.77410125732422,N,1539,9.281454485817582,13
id2866403,2,2016-04-24 13:53:02,2016-04-24 13:58:24,1,-73.98101043701173,40.78450012207031,-73.97293853759764,40.798389434814446,N,322,1.6874922517968858,13
id1396615,1,2016-05-25 13:51:19,2016-05-25 14:04:12,1,-74.00706481933594,40.70701217651367,-74.0009536743164,40.72906112670898,N,773,2.50195046383189,13
id3560592,2,2016-05-17 13:22:13,2016-05-17 13:30:47,2,-73.97309875488281,40.74441146850586,-73.95670318603516,40.76681137084961,N,514,2.850318772194394,13
id2774857,2,2016-02-25 13:24:44,2016-02-25 13:39:48,1,-73.96994018554686,40.76076126098633,-73.98153686523438,40.754913330078125,N,904,1.1802528257727485,13
id3767026,2,2016-05-04 13:36:14,2016-05-04 14:06:21,1,-73.98508453369139,40.74967193603516,-73.96432495117188,40.80726623535156,N,1807,6.6320221541627475,13
id0204559,2,2016-04-14 13:19:27,2016-04-14 13:32:02,1,-73.99248504638672,40.76360321044922,-73.98278045654298,40.76656723022461,N,755,0.8880815356977334,13
id3203587,2,2016-04-13 13:27:07,2016-04-13 13:49:38,1,-74.01014709472656,40.705810546875,-73.96727752685547,40.763530731201165,N,1351,7.37068449826135,13
id3746715,2,2016-01-15 13:21:54,2016-01-15 13:26:31,1,-73.91755676269531,40.76998901367188,-73.87077331542967,40.77400970458984,N,277,4.001558791852907,13
id2022747,2,2016-03-06 13:59:50,2016-03-06 14:41:01,1,-73.97205352783203,40.76444625854492,-73.87076568603516,40.77399063110352,N,2471,8.674404671408864,13
id0920527,1,2016-04-17 14:03:56,2016-04-17 15:02:07,2,-73.78194427490233,40.64464569091797,-73.98397064208984,40.753284454345696,N,3491,20.98339828318957,14
id2165334,1,2016-03-06 14:26:18,2016-03-06 14:41:53,1,-73.96173095703125,40.76426696777344,-73.98212432861328,40.76143264770508,N,935,1.761755246121692,14
id0881636,1,2016-02-15 14:57:00,2016-02-15 15:00:31,1,-73.96019744873048,40.77027130126953,-73.95575714111328,40.779609680175774,N,211,1.1031351920133634,14
id1542333,2,2016-03-28 14:20:29,2016-03-28 14:34:58,1,-73.97718048095702,40.790138244628906,-73.97463226318358,40.763671875,N,869,2.945740998528317,14
id1351395,1,2016-03-15 14:40:45,2016-03-15 14:52:23,1,-73.9537811279297,40.78463363647461,-73.97370147705078,40.796966552734375,N,698,2.1773977540328575,14
id2331214,2,2016-03-21 14:59:23,2016-03-21 15:18:35,1,-73.99136352539062,40.74974822998047,-73.95897674560547,40.78183364868164,N,1152,4.501386244840358,14
id1864435,1,2016-04-28 14:03:49,2016-04-28 14:19:31,1,-73.97915649414062,40.766998291015625,-73.97386169433594,40.754032135009766,N,942,1.5079699973618457,14
id0313027,2,2016-05-02 14:06:33,2016-05-02 14:18:23,1,-73.97099304199217,40.76446533203125,-73.95349884033203,40.76703643798828,N,710,1.5141463819198766,14
id1960977,2,2016-02-24 14:50:07,2016-02-24 14:50:45,5,-73.97666168212889,40.76409149169922,-73.975830078125,40.76375961303711,N,38,0.07970969898330925,14
id1887700,2,2016-05-18 14:37:47,2016-05-18 15:01:53,1,-73.99794006347656,40.75143432617188,-73.99586486816406,40.7590217590332,N,1446,0.8604785525019639,14
id2596985,2,2016-04-09 14:55:03,2016-04-09 14:57:53,1,-73.97859191894531,40.78600311279297,-73.97579956054686,40.78312301635742,N,170,0.3981675390380213,14
id2305055,1,2016-03-17 14:39:01,2016-03-17 14:44:31,1,-73.988037109375,40.74802017211913,-73.99025726318358,40.7373046875,N,330,1.204296345872118,14
id0119529,2,2016-04-09 14:49:24,2016-04-09 15:02:38,2,-73.97834014892578,40.75300979614258,-73.95807647705078,40.77086639404297,N,794,2.625900604339286,14
id3423803,2,2016-04-30 14:40:45,2016-04-30 15:31:12,5,-74.00393676757811,40.73283386230469,-73.78981018066406,40.64308547973633,N,3027,20.74874715352402,14
id3637341,2,2016-05-08 14:53:35,2016-05-08 15:00:30,1,-73.9939193725586,40.7563362121582,-73.99698638916014,40.742141723632805,N,415,1.597009980461117,14
id1760467,1,2016-04-29 14:09:33,2016-04-29 14:18:13,1,-73.99027252197266,40.72878646850586,-73.9869613647461,40.74215698242188,N,520,1.5105781232659254,14
id1383949,1,2016-03-23 14:20:16,2016-03-23 14:48:00,1,-73.97480773925781,40.75728988647461,-73.87222290039062,40.77434158325195,N,1664,8.922769954023282,14
id0973681,1,2016-02-20 14:24:34,2016-02-20 14:46:34,1,-73.9957733154297,40.716205596923835,-73.9691390991211,40.75106048583984,N,1320,4.4825898396712605,14
id3835873,1,2016-04-25 14:14:15,2016-04-25 14:25:48,1,-73.9697265625,40.76844024658203,-73.95337677001953,40.7884178161621,N,693,2.617003558575201,14
id3666998,2,2016-02-28 14:27:13,2016-02-28 14:40:21,1,-73.98172760009764,40.73667907714844,-73.95680236816406,40.76645278930664,N,788,3.925672017268988,14
id1091818,2,2016-01-10 15:42:57,2016-01-10 15:58:09,4,-74.0074691772461,40.733497619628906,-73.97709655761719,40.74312210083008,N,912,2.793982079878523,15
id3167227,1,2016-04-29 15:23:29,2016-04-29 15:45:55,1,-73.9906997680664,40.734474182128906,-73.98133850097656,40.76450347900391,N,1346,3.4269110480215694,15
id0985075,1,2016-04-17 15:50:25,2016-04-17 16:00:10,1,-73.97784423828125,40.751766204833984,-73.97902679443358,40.76505661010742,N,585,1.4786554649972148,15
id2209822,2,2016-02-04 15:09:29,2016-02-04 15:16:29,4,-73.95748901367188,40.78276824951172,-73.96759796142578,40.77096939086913,N,420,1.5663884848776812,15
id1339797,2,2016-04-02 15:28:55,2016-04-02 15:46:16,1,-73.97514343261719,40.74581527709961,-73.96027374267578,40.78135681152344,N,1041,4.142631823569967,15
id2203604,2,2016-04-01 15:47:46,2016-04-01 15:53:41,1,-73.95323944091797,40.78559112548828,-73.9369125366211,40.79241943359375,N,355,1.5812744105353083,15
id1767204,1,2016-01-10 15:29:21,2016-01-10 15:38:52,1,-73.97742462158203,40.74679946899414,-73.9587631225586,40.77218627929688,N,571,3.233710005655236,15
id1734940,1,2016-04-01 15:09:29,2016-04-01 15:34:42,1,-73.95987701416014,40.77384948730469,-73.99168395996092,40.74982070922852,N,1513,3.797805524500493,15
id1306514,1,2016-03-12 15:53:00,2016-03-12 16:01:24,1,-73.98016357421875,40.75836944580078,-73.96693420410156,40.76031875610352,N,504,1.145124340655575,15
id2871298,1,2016-03-05 15:59:38,2016-03-05 16:07:41,1,-74.00225830078125,40.734573364257805,-74.00382232666014,40.74204254150391,N,483,0.8396696235255198,15
id1911152,1,2016-02-05 15:24:55,2016-02-05 15:34:25,1,-73.99074554443358,40.718456268310554,-73.9908676147461,40.734901428222656,N,570,1.8254422394698355,15
id1528131,2,2016-05-20 15:24:32,2016-05-20 15:41:00,2,-73.97333526611328,40.754749298095696,-73.97384643554686,40.74771881103516,N,988,0.781592692793548,15
id2740377,1,2016-02-11 15:49:29,2016-02-11 15:57:54,1,-73.98823547363281,40.75399017333984,-73.98831176757811,40.74094009399414,N,505,1.4485733234637221,15
id0094610,1,2016-05-07 15:43:37,2016-05-07 15:48:06,1,-73.97365570068358,40.747943878173835,-73.97257995605469,40.74356460571289,N,269,0.49462454014692236,15
id1133000,1,2016-02-13 15:57:12,2016-02-13 15:57:16,1,-73.78113555908203,40.64502716064453,-73.78113555908203,40.64502716064453,N,4,0.0,15
id3366908,2,2016-02-16 15:48:00,2016-02-16 16:01:21,1,-73.98947143554686,40.769485473632805,-73.99462890625,40.750526428222656,N,801,2.149629788004625,15
id0685737,2,2016-01-16 15:12:59,2016-01-16 15:49:27,1,-73.77681732177734,40.64577102661133,-73.98863983154298,40.7305793762207,N,2188,20.317360960856426,15
id0399280,2,2016-06-15 15:48:21,2016-06-15 15:56:48,2,-73.9672622680664,40.756641387939446,-73.95259857177734,40.772499084472656,N,507,2.1568188497643175,15
id3829417,1,2016-03-17 15:50:18,2016-03-17 16:12:10,1,-73.98208618164062,40.778568267822266,-73.9425048828125,40.812313079833984,N,1312,5.034812017854804,15
id3096897,1,2016-05-29 15:34:44,2016-05-29 15:46:36,4,-73.99201202392578,40.72540283203125,-73.95842742919923,40.7642707824707,N,712,5.173278394119305,15
id3203806,2,2016-01-25 16:39:45,2016-01-25 18:11:56,1,-73.98537445068358,40.763221740722656,-73.78182220458984,40.64443588256836,N,5531,21.753332076018946,16
id2479716,1,2016-01-12 16:21:07,2016-01-12 16:29:00,1,-73.97543334960938,40.7547721862793,-73.96920776367188,40.76128387451172,N,473,0.8958024594733104,16
id0707097,1,2016-02-06 16:09:24,2016-02-06 16:21:29,1,-73.97808837890625,40.75248336791992,-73.99811553955078,40.733795166015625,N,725,2.68345865162277,16
id3044349,2,2016-01-07 16:47:57,2016-01-07 16:55:37,1,-73.96779632568358,40.75983810424805,-73.95687103271484,40.78253173828125,N,460,2.6847194039497784,16
id3195865,1,2016-03-26 16:18:54,2016-03-26 16:27:05,1,-73.97861480712889,40.777381896972656,-73.96227264404298,40.79501724243164,N,491,2.400302403122818,16
id0122849,2,2016-06-07 16:43:51,2016-06-07 17:18:07,2,-74.00660705566406,40.70555877685546,-73.97707366943358,40.765960693359375,N,2056,7.159163910953048,16
id3729843,1,2016-04-09 16:25:25,2016-04-09 16:29:05,1,-73.95607757568358,40.767574310302734,-73.95375061035155,40.77452850341797,N,220,0.7968532715189589,16
id2576307,2,2016-05-08 16:14:47,2016-05-08 17:01:02,1,-73.9481201171875,40.77444839477539,-73.7822265625,40.64424896240234,N,2775,20.19161001923286,16
id1680952,1,2016-05-28 16:52:28,2016-05-28 17:07:36,2,-73.9880599975586,40.748233795166016,-73.98394012451173,40.75707626342773,N,908,1.042114278394049,16
id1246684,1,2016-03-25 16:13:57,2016-03-25 16:28:20,1,-73.96295166015625,40.775096893310554,-73.97566223144531,40.760719299316406,N,863,1.927225762166093,16
id0781575,1,2016-02-21 16:51:02,2016-02-21 17:10:05,4,-73.78211212158203,40.64460372924805,-73.8213348388672,40.722064971923835,N,1143,9.221935993689193,16
id0103119,2,2016-04-09 16:27:25,2016-04-09 16:59:42,1,-73.9779281616211,40.762428283691406,-73.98807525634764,40.75910568237305,N,1937,0.9380465903486791,16
id1495315,1,2016-01-04 16:03:30,2016-01-04 16:12:59,2,-73.99272918701173,40.747852325439446,-73.98594665527344,40.76002883911133,N,569,1.4694126236053275,16
id3617560,2,2016-06-21 16:22:59,2016-06-21 16:37:32,1,-73.98174285888672,40.75736618041992,-73.98146057128906,40.773582458496094,N,873,1.8001667846937728,16
id2620260,2,2016-06-06 16:20:33,2016-06-06 16:35:37,1,-74.01046752929686,40.71009826660156,-73.98783874511719,40.72264099121094,N,904,2.37444436113768,16
id3823654,1,2016-03-09 16:24:44,2016-03-09 16:32:19,1,-73.99285888671875,40.7430076599121,-73.99285888671875,40.7430076599121,N,455,0.0,16
id3570551,1,2016-02-18 16:41:17,2016-02-18 16:43:14,1,-73.97077941894531,40.7620506286621,-73.97208404541014,40.76375961303711,N,117,0.2197324859298266,16
id3249721,1,2016-03-14 16:10:16,2016-03-14 16:30:25,2,-73.96027374267578,40.77647399902344,-73.9674301147461,40.78948974609375,N,1209,1.567582619341214,16
id2020472,2,2016-03-30 16:59:15,2016-03-30 17:09:56,1,-73.97844696044923,40.7563705444336,-73.9837188720703,40.74409103393555,N,641,1.434797465127642,16
id3381224,2,2016-05-07 16:25:53,2016-05-07 16:48:31,1,-73.99188995361328,40.731231689453125,-73.96057891845702,40.77545166015625,N,1358,5.5835299889926295,16
id0953619,1,2016-04-20 17:48:41,2016-04-20 18:08:18,1,-73.97805023193358,40.74585723876953,-73.97588348388672,40.75768661499024,N,1177,1.325914201522476,17
id0008479,1,2016-02-11 17:31:07,2016-02-11 17:51:06,2,-74.0046615600586,40.742290496826165,-73.98095703125,40.76506423950195,N,1199,3.2326407377375697,17
id2555944,1,2016-02-28 17:53:44,2016-02-28 18:06:11,2,-73.98511505126953,40.759868621826165,-73.97251892089844,40.7913932800293,N,747,3.6593710621857745,17
id2147798,1,2016-03-11 17:29:25,2016-03-11 17:39:24,1,-73.99070739746092,40.73958587646485,-73.97859954833984,40.75066375732422,N,599,1.6034997188467304,17
id3867888,1,2016-02-08 17:47:29,2016-02-08 17:55:49,1,-73.96224975585938,40.77389907836913,-73.95243835449219,40.766510009765625,N,500,1.169705334775172,17
id0953708,2,2016-04-22 17:59:47,2016-04-22 18:03:19,1,-74.0060806274414,40.737640380859375,-73.99939727783203,40.74396133422852,N,212,0.9027729738574045,17
id3865736,1,2016-02-16 17:09:09,2016-02-16 17:17:05,1,-73.98211669921875,40.771949768066406,-73.96526336669923,40.79095077514648,N,476,2.5496086127664905,17
id0988642,1,2016-05-29 17:18:13,2016-05-29 17:37:21,1,-73.86331939697266,40.76971435546875,-73.98725891113281,40.72223281860352,N,1148,11.779681546978836,17
id1028127,1,2016-05-12 17:14:16,2016-05-12 17:41:30,1,-73.9615936279297,40.77374267578125,-73.97989654541014,40.717639923095696,N,1634,6.418795187252837,17
id3179594,2,2016-04-13 17:10:17,2016-04-13 17:28:56,3,-74.00615692138672,40.70600128173828,-74.00765991210938,40.74187088012695,N,1119,3.9835745025970843,17
id1029740,2,2016-01-20 17:38:37,2016-01-20 17:44:15,1,-74.00557708740233,40.74569320678711,-74.00689697265625,40.73304748535156,N,338,1.4081514051424209,17
id1789684,1,2016-06-22 17:01:53,2016-06-22 17:09:01,1,-73.99152374267578,40.73870849609375,-73.98680877685547,40.72664260864258,N,428,1.3979910379393192,17
id1450628,2,2016-01-06 17:34:31,2016-01-06 17:50:41,5,-73.98873138427734,40.75714492797852,-73.96105194091797,40.76049041748047,N,970,2.3818785711580794,17
id2494093,1,2016-02-25 17:39:54,2016-02-25 17:53:26,1,-73.96779632568358,40.7627182006836,-73.98616790771484,40.73062896728516,N,812,3.8891789150628617,17
id2811315,1,2016-06-25 17:44:58,2016-06-25 17:54:06,2,-74.00016021728516,40.73291015625,-74.01417541503906,40.71389389038086,N,548,2.4237731085350225,17
id3439104,1,2016-04-27 17:41:31,2016-04-27 18:04:13,3,-74.00094604492188,40.75738906860352,-73.97824859619139,40.754348754882805,N,1362,1.9585767022292868,17
id3105866,2,2016-01-26 17:31:31,2016-01-26 17:49:23,1,-73.87296295166014,40.774124145507805,-73.93017578125,40.76660919189453,N,1072,4.934113093106736,17
id1469329,2,2016-01-26 17:15:41,2016-01-26 17:29:45,1,-73.97236633300781,40.75885772705078,-73.97539520263672,40.75870513916016,N,844,0.2580104470072848,17
id1245704,2,2016-05-08 17:56:23,2016-05-08 18:02:53,1,-73.95484924316406,40.769485473632805,-73.93602752685547,40.79509735107422,N,390,3.262160613149825,17
id0586686,2,2016-01-07 17:55:02,2016-01-07 18:00:33,1,-73.96359252929686,40.77159881591797,-73.96359252929686,40.77159881591797,N,331,0.0,17
id2109731,2,2016-05-17 18:48:57,2016-05-17 19:01:50,1,-73.96489715576173,40.755592346191406,-73.96426391601561,40.764949798583984,N,773,1.0400709252349893,18
id2394027,2,2016-03-02 18:20:40,2016-03-02 19:18:34,3,-73.95460510253906,40.76559066772461,-73.77637481689453,40.645450592041016,N,3474,20.182825669635854,18
id2844871,2,2016-01-13 18:47:08,2016-01-13 18:59:21,1,-73.97456359863281,40.75106048583984,-73.96088409423827,40.766647338867195,N,733,2.0845605450431193,18
id0042843,2,2016-05-08 18:29:01,2016-05-08 18:31:41,5,-73.97015380859375,40.76482772827149,-73.96125030517578,40.777297973632805,N,160,1.5775756341366753,18
id0684480,1,2016-06-12 18:37:41,2016-06-12 18:42:18,1,-73.95674133300781,40.77840805053711,-73.94779968261719,40.77492141723633,N,277,0.852902600394898,18
id2707677,1,2016-05-12 18:59:07,2016-05-12 19:11:33,1,-73.98621368408203,40.7385139465332,-74.00394439697266,40.74812698364258,N,746,1.846610923326009,18
id1442764,1,2016-04-04 18:45:09,2016-04-04 18:53:32,1,-73.98369598388672,40.7606315612793,-73.9902114868164,40.75616836547852,N,503,0.743067868828046,18
id0123782,2,2016-03-21 18:45:53,2016-03-21 18:54:33,6,-73.99014282226561,40.75239181518555,-74.00733184814453,40.74266815185546,N,520,1.8164975462444624,18
id1363914,1,2016-03-04 18:23:43,2016-03-04 18:29:52,1,-73.95597839355469,40.782039642333984,-73.95962524414062,40.77115249633789,N,369,1.2475962947861574,18
id0554785,1,2016-03-31 18:18:25,2016-03-31 18:24:26,1,-73.97303771972656,40.760475158691406,-73.97026824951173,40.76498794555664,N,361,0.5534760033755177,18
id1588008,2,2016-01-18 18:25:43,2016-01-18 18:39:44,1,-73.99009704589844,40.7762107849121,-73.99521636962889,40.74974822998047,N,841,2.969400010007327,18
id1066680,1,2016-01-17 18:31:48,2016-01-17 18:48:34,2,-73.97569274902342,40.759742736816406,-74.00508880615233,40.74135208129882,N,1006,3.2265287834327885,18
id2410347,1,2016-04-08 18:47:59,2016-04-08 19:00:11,1,-73.97257995605469,40.75910949707031,-73.95398712158203,40.78195571899414,N,732,2.988072902446227,18
id1746292,2,2016-03-18 18:34:52,2016-03-18 18:37:42,2,-73.99282836914062,40.75825881958008,-74.00350189208984,40.747661590576165,N,170,1.4855185699897782,18
id1274449,2,2016-02-18 18:03:48,2016-02-18 18:15:16,1,-73.97734832763672,40.78961181640625,-73.95545959472656,40.777698516845696,N,688,2.282607410413022,18
id0955892,1,2016-04-07 18:09:21,2016-04-07 18:18:31,1,-74.00025177001953,40.737823486328125,-74.01020812988281,40.72145462036133,N,550,2.004368654612158,18
id0516225,2,2016-06-04 18:14:47,2016-06-04 18:46:22,1,-73.97306823730467,40.755027770996094,-74.00030517578125,40.76286697387695,N,1895,2.4732642043178448,18
id1676930,2,2016-02-25 18:24:12,2016-02-25 18:29:40,2,-73.95318603515625,40.782596588134766,-73.94638061523438,40.79457092285156,N,328,1.4495721999209026,18
id3237664,2,2016-01-03 18:19:49,2016-01-03 18:48:30,1,-73.97455596923827,40.77838897705078,-74.00791168212889,40.71531295776367,N,1721,7.553720733754934,18
id3616406,2,2016-05-03 18:08:55,2016-05-03 18:33:23,1,-73.95955657958984,40.777130126953125,-73.9737777709961,40.76430130004882,N,1468,1.8678800552562833,18
id0118254,1,2016-06-25 19:18:58,2016-06-25 19:33:42,1,-73.95984649658203,40.77103805541992,-73.97914123535155,40.7648811340332,N,884,1.776748071298911,19
id3402373,1,2016-04-12 19:00:06,2016-04-12 19:09:32,1,-73.99855041503906,40.73405456542969,-73.98573303222656,40.72690200805664,N,566,1.3480698407453877,19
id1251504,2,2016-05-06 19:07:05,2016-05-06 19:29:51,1,-73.98079681396483,40.734676361083984,-73.99488830566406,40.76350784301758,N,1366,3.4170973210663163,19
id0620711,2,2016-03-09 19:50:54,2016-03-09 19:55:10,1,-73.99849700927734,40.73995971679688,-74.00601196289062,40.73506927490234,N,256,0.8382736414502517,19
id3920838,1,2016-03-13 19:59:35,2016-03-13 20:11:22,1,-73.98921966552734,40.758007049560554,-73.95943450927734,40.780033111572266,N,707,3.5195454160385053,19
id2759731,1,2016-01-18 19:42:18,2016-01-18 19:48:26,1,-73.98474884033203,40.76006317138672,-73.99644470214845,40.763496398925774,N,368,1.0646872832976582,19
id1789921,2,2016-05-28 19:36:05,2016-05-28 19:42:29,1,-73.97756958007811,40.75857162475586,-73.99141693115233,40.75532150268555,N,384,1.231071815908885,19
id1751852,1,2016-06-07 19:22:56,2016-06-07 19:26:09,1,-73.97132110595702,40.76354217529297,-73.96379089355469,40.773902893066406,N,193,1.3161604625338648,19
id0451573,2,2016-05-03 19:34:13,2016-05-03 19:39:00,1,-73.98505401611328,40.746826171875,-73.98250579833984,40.7427978515625,N,287,0.4968423022995393,19
id0299916,2,2016-03-12 19:11:10,2016-03-12 19:15:38,1,-73.9468994140625,40.77613067626953,-73.95217132568358,40.78131866455078,N,268,0.7296761315707259,19
id1814640,1,2016-03-21 19:59:03,2016-03-21 20:15:25,1,-73.99189758300781,40.75015258789063,-73.9647445678711,40.76473617553711,N,982,2.8191019798841155,19
id0500736,2,2016-01-27 19:50:53,2016-01-27 20:02:14,3,-73.98220825195312,40.77051162719727,-74.00209045410156,40.755859375,N,681,2.3454708733129532,19
id3808832,2,2016-06-13 19:11:00,2016-06-13 19:18:21,1,-73.96291351318358,40.77497863769531,-73.94830322265625,40.77410125732422,N,441,1.2456875282533797,19
id3170476,1,2016-01-20 19:39:21,2016-01-20 19:46:17,1,-73.9881591796875,40.732128143310554,-73.97438049316406,40.74416732788086,Y,416,1.776938973041987,19
id0243790,1,2016-01-07 19:08:42,2016-01-07 19:17:36,1,-74.00518035888672,40.72018814086913,-73.99219512939453,40.725318908691406,N,534,1.2420143041062475,19
id3107160,2,2016-01-06 19:10:34,2016-01-06 19:19:52,1,-73.992919921875,40.75223922729492,-73.97814178466798,40.752071380615234,N,558,1.256279821528701,19
id1459647,1,2016-04-05 19:34:04,2016-04-05 19:39:01,2,-74.01290130615233,40.716068267822266,-74.00670623779298,40.73032379150391,N,297,1.667681150875519,19
id1211652,2,2016-03-31 19:57:23,2016-03-31 20:04:04,6,-73.9832305908203,40.764530181884766,-73.98468017578125,40.75928115844727,N,401,0.5955275841716289,19
id1277971,2,2016-02-28 19:31:56,2016-02-28 19:33:22,3,-73.996337890625,40.726112365722656,-73.99783325195312,40.72429275512695,N,86,0.23864299768166966,19
id2940591,1,2016-02-08 19:35:42,2016-02-08 19:53:27,1,-73.97075653076173,40.798465728759766,-73.99188995361328,40.7439842224121,N,1065,6.308601942870345,19
id0745529,1,2016-03-24 20:52:56,2016-03-24 21:03:10,1,-73.95563507080078,40.77665328979492,-73.97405242919923,40.76012420654297,N,614,2.411833565189581,20
id1334051,1,2016-01-21 20:22:34,2016-01-21 20:34:44,1,-73.87458038330078,40.774024963378906,-73.80867767333984,40.71249008178711,N,730,8.833649448419802,20
id3658446,2,2016-02-24 20:34:49,2016-02-24 20:35:13,1,-74.00450134277344,40.74202728271485,-74.00443267822266,40.74196243286133,N,24,0.00926717794181353,20
id1593700,1,2016-05-16 20:35:29,2016-05-16 20:53:08,1,-73.95439910888672,40.78331756591797,-73.88710021972656,40.768463134765625,N,1059,5.953294840357444,20
id3252298,2,2016-02-09 20:38:51,2016-02-09 20:58:34,1,-74.0158462524414,40.715423583984375,-73.96414184570312,40.71935272216797,N,1183,4.416461895154541,20
id0035460,2,2016-03-25 20:57:06,2016-03-25 21:05:00,1,-73.96202850341797,40.77921295166016,-73.94145965576173,40.80149841308594,N,474,3.029167938540358,20
id2621161,2,2016-02-16 20:17:11,2016-02-16 20:21:56,1,-73.98436737060547,40.74337387084961,-73.99066925048828,40.74026870727539,N,285,0.6369701685641364,20
id1140693,1,2016-04-26 20:28:56,2016-04-26 20:36:17,1,-73.97809600830078,40.752246856689446,-73.97876739501953,40.75834274291992,N,441,0.6790456495833981,20
id0924637,1,2016-01-21 20:36:01,2016-01-21 21:26:51,1,-73.97108459472656,40.75530624389648,-73.97782135009764,40.6845817565918,N,3050,7.871274527202315,20
id1240451,1,2016-01-07 20:44:40,2016-01-07 20:52:04,1,-73.97808837890625,40.75722503662109,-73.96016693115233,40.781444549560554,N,444,3.0899554284309763,20
id0456708,1,2016-03-19 20:39:54,2016-03-19 20:42:20,1,-73.87451171875,40.77410888671875,-73.88764953613281,40.77164459228516,N,146,1.1497275941782907,20
id2566250,2,2016-05-19 20:53:38,2016-05-19 21:05:16,4,-74.00586700439453,40.740100860595696,-74.01394653320312,40.70906066894531,N,698,3.5132381946361173,20
id3010052,2,2016-03-11 20:20:08,2016-03-11 20:32:33,1,-73.99000549316406,40.729297637939446,-74.00055694580078,40.72855758666992,N,745,0.9006275274042544,20
id2496837,1,2016-01-12 20:37:31,2016-01-12 20:45:37,1,-73.971435546875,40.7948112487793,-73.95057678222656,40.78738784790039,N,486,1.9551171649528885,20
id1564694,1,2016-06-25 20:20:22,2016-06-25 20:36:53,2,-74.0100326538086,40.70534896850586,-73.98877716064453,40.74492645263672,N,991,4.750111590692957,20
id3980776,2,2016-04-15 20:13:33,2016-04-15 20:24:02,1,-73.9941864013672,40.73622894287109,-73.98290252685547,40.7564811706543,N,629,2.4440582781431623,20
id0756935,1,2016-03-30 20:32:37,2016-03-30 20:39:31,1,-73.96501922607422,40.75554656982422,-73.95355224609375,40.7754020690918,N,414,2.4098689908437034,20
id3435155,1,2016-04-07 20:12:02,2016-04-07 20:29:11,1,-73.99603271484375,40.75887680053711,-73.9842758178711,40.737403869628906,N,1029,2.5845159929706427,20
id1717953,2,2016-01-22 20:10:26,2016-01-22 20:13:35,1,-73.95949554443358,40.76744842529297,-73.9724349975586,40.765098571777344,N,189,1.1303592331113073,20
id3247742,1,2016-05-12 20:39:37,2016-05-12 20:55:30,1,-73.97122955322266,40.75631332397461,-73.97508239746092,40.75838470458984,N,953,0.40014441535243267,20
id3653586,1,2016-05-19 21:25:47,2016-05-19 21:31:57,1,-73.92892456054686,40.768360137939446,-73.95343017578125,40.744964599609375,N,370,3.329070247956016,21
id3724688,1,2016-02-20 21:05:18,2016-02-20 21:08:46,1,-73.97795867919923,40.753211975097656,-73.9729766845703,40.754932403564446,N,208,0.46453747226562686,21
id3043583,2,2016-04-21 21:19:50,2016-04-21 21:36:59,1,-73.97225952148438,40.75638198852539,-73.99226379394531,40.74922561645508,N,1029,1.8767627428230031,21
id0027302,2,2016-01-06 21:46:20,2016-01-06 21:53:40,1,-73.99156951904298,40.76047897338867,-73.97879791259764,40.7530403137207,N,440,1.3639150079310038,21
id3533476,1,2016-04-14 21:55:29,2016-04-14 22:10:43,1,-73.95208740234375,40.78130722045898,-73.94595336914062,40.795352935791016,N,914,1.6439475252067994,21
id3559590,2,2016-06-30 21:55:32,2016-06-30 22:09:47,1,-73.98513793945312,40.763893127441406,-73.94903564453125,40.78760147094727,N,855,4.04256669780529,21
id0573904,1,2016-03-15 21:05:30,2016-03-15 21:12:46,1,-73.98750305175781,40.76549530029297,-73.97569274902342,40.78670883178711,N,436,2.559763265500565,21
id0632322,1,2016-02-20 21:34:34,2016-02-20 21:52:29,2,-73.98052978515625,40.74270248413086,-74.00437927246092,40.74786376953125,N,1075,2.106604697858698,21
id2344363,1,2016-06-21 21:50:23,2016-06-21 21:57:37,2,-73.98871612548828,40.74591445922852,-73.97311401367188,40.74917221069336,N,434,1.3745960018764063,21
id3341892,1,2016-01-26 21:20:19,2016-01-26 21:35:44,2,-73.9971923828125,40.724075317382805,-73.98542022705078,40.759662628173835,N,925,4.074957637793335,21
id2219027,2,2016-06-29 21:31:15,2016-06-29 21:43:30,2,-73.98202514648438,40.77109146118164,-73.95458984375,40.78765869140625,N,735,2.969850281488424,21
id3899659,2,2016-03-05 21:43:42,2016-03-05 22:01:05,3,-74.0084457397461,40.713733673095696,-73.9793472290039,40.736305236816406,N,1043,3.5206282874000703,21
id3408016,1,2016-03-04 21:40:10,2016-03-04 21:43:46,1,-73.973876953125,40.779422760009766,-73.98477172851561,40.77913665771485,N,216,0.9266002777333258,21
id2701717,2,2016-04-20 21:53:30,2016-04-20 22:01:15,1,-73.97991943359375,40.74319839477539,-73.96066284179686,40.761428833007805,N,465,2.60269446819577,21
id2751632,2,2016-06-04 21:30:28,2016-06-04 22:00:54,1,-73.98603057861328,40.76045608520508,-73.99347686767578,40.72138214111328,N,1826,4.383146999619613,21
id2544135,1,2016-01-03 21:36:17,2016-01-03 21:47:41,1,-73.9566650390625,40.76311492919922,-73.98447418212889,40.763965606689446,N,684,2.365662398534778,21
id1524012,2,2016-01-28 21:17:42,2016-01-28 21:22:11,1,-73.98876190185547,40.74845886230469,-73.9799575805664,40.76077651977539,N,269,1.5586704208673743,21
id3168316,1,2016-01-17 21:30:59,2016-01-17 21:53:51,1,-73.98731994628906,40.76620101928711,-73.99193572998048,40.6904411315918,N,1372,8.418494989753823,21
id0595751,1,2016-01-02 21:32:34,2016-01-02 21:43:51,4,-73.99169921875,40.75008773803711,-73.9778060913086,40.7496337890625,N,677,1.1819903501799207,21
id0218673,2,2016-05-20 21:44:56,2016-05-20 21:47:12,2,-73.9736328125,40.78464889526367,-73.97892761230467,40.788387298583984,N,136,0.6121652454249197,21
id1145527,2,2016-04-28 22:36:23,2016-04-28 23:19:23,1,-73.98661804199219,40.751289367675774,-74.10143280029298,40.61579132080078,N,2580,17.92911504672488,22
id1738416,1,2016-04-17 22:20:10,2016-04-17 22:29:09,1,-73.99012756347656,40.719337463378906,-73.99613189697266,40.737247467041016,N,539,2.0524768515430236,22
id0555785,1,2016-03-03 22:29:14,2016-03-03 22:31:33,1,-73.98206329345702,40.778934478759766,-73.98909759521484,40.77694320678711,N,139,0.6374620853908858,22
id0545627,2,2016-02-19 22:54:15,2016-02-19 23:00:41,1,-73.97791290283203,40.752071380615234,-73.99074554443358,40.7452278137207,N,386,1.3292237688473758,22
id3874748,2,2016-06-08 22:13:23,2016-06-08 22:40:01,1,-73.9949722290039,40.73435592651367,-73.99351501464844,40.68722152709961,N,1598,5.233384331484018,22
id0702835,2,2016-01-20 22:14:27,2016-01-20 22:22:44,2,-73.98297882080078,40.73492431640625,-73.9871368408203,40.75067138671875,N,497,1.7832989347216508,22
id0804302,1,2016-06-20 22:17:22,2016-06-20 22:22:53,1,-73.97061157226561,40.78315353393555,-73.95378875732422,40.787818908691406,N,331,1.5208227286339135,22
id0559793,2,2016-03-04 22:18:24,2016-03-04 22:38:14,2,-73.98536682128906,40.74673080444336,-73.96537017822266,40.75672912597656,N,1190,2.0299547666224522,22
id3238643,2,2016-02-18 22:39:35,2016-02-18 23:02:05,1,-73.98180389404298,40.7431755065918,-73.9591064453125,40.71649169921875,N,1350,3.534826808103912,22
id2348572,2,2016-04-29 22:11:50,2016-04-29 22:28:16,1,-74.00458526611328,40.7419319152832,-73.97835540771484,40.750537872314446,N,986,2.4255645839185993,22
id3841090,2,2016-01-30 22:27:15,2016-01-30 22:46:55,1,-74.00653076171875,40.737430572509766,-73.97211456298828,40.74574279785156,N,1180,3.0674298564595714,22
id3644749,1,2016-01-14 22:16:17,2016-01-14 22:29:45,1,-73.98683166503906,40.75104522705078,-73.96835327148438,40.76713180541992,N,808,2.3781058560537187,22
id3245263,2,2016-05-14 22:11:48,2016-05-14 22:28:49,6,-73.9565200805664,40.746700286865234,-73.91985321044923,40.75936126708984,N,1021,3.4188858395891244,22
id1794634,2,2016-05-24 22:47:04,2016-05-24 22:49:38,4,-73.96578979492188,40.762710571289055,-73.96237182617188,40.76708984375,N,154,0.5663025796090565,22
id2963620,2,2016-01-15 22:52:50,2016-01-15 23:09:52,6,-73.77661895751953,40.645320892333984,-73.83300018310547,40.71601104736328,N,1022,9.19436688713676,22
id1714116,1,2016-05-15 22:55:29,2016-05-15 23:14:43,4,-73.98512268066406,40.72816848754882,-73.98397827148438,40.76953125,N,1154,4.592296992762601,22
id0789053,1,2016-03-10 22:33:55,2016-03-10 22:35:33,1,-73.99336242675781,40.74299240112305,-73.98847198486328,40.75032043457031,N,98,0.9134740076596836,22
id3682920,1,2016-06-16 22:02:07,2016-06-16 22:13:28,1,-73.97708129882812,40.743072509765625,-74.00562286376953,40.73822021484375,N,681,2.4851018643548954,22
id3306253,1,2016-05-23 22:00:24,2016-05-23 22:23:55,3,-73.97861480712889,40.77782440185546,-73.9813003540039,40.7274169921875,N,1411,5.5998769981627365,22
id0631320,1,2016-04-29 22:51:30,2016-04-29 22:59:04,1,-73.98184967041014,40.74649429321289,-73.98899841308595,40.73136520385742,N,454,1.7858823552226981,22
id2120668,2,2016-05-01 23:15:23,2016-05-01 23:21:36,1,-73.99813079833984,40.72297286987305,-73.98483276367188,40.69636917114258,N,373,3.1619493880548317,23
id0097325,1,2016-03-02 23:26:53,2016-03-02 23:27:00,1,-73.96868896484375,40.75943756103516,-73.9687271118164,40.759380340576165,N,7,0.007131265102805534,23
id2571869,2,2016-01-08 23:46:20,2016-01-09 00:39:23,4,-73.79027557373048,40.644039154052734,-73.9729232788086,40.688262939453125,N,3183,16.282630086621108,23
id3892189,2,2016-04-01 23:05:52,2016-04-01 23:23:35,1,-73.99134826660156,40.74732971191406,-74.00994873046875,40.73500061035156,N,1063,2.0910669009989915,23
id0609294,1,2016-05-19 23:26:28,2016-05-19 23:32:10,1,-73.97225952148438,40.76333999633789,-73.97613525390625,40.77628326416016,N,342,1.4739890213204263,23
id3013624,2,2016-06-07 23:30:13,2016-06-07 23:42:52,2,-73.98097229003906,40.76506042480469,-73.95065307617188,40.77177047729492,N,759,2.6826043383422227,23
id2965767,2,2016-06-21 23:29:48,2016-06-21 23:35:47,1,-73.99214935302734,40.72516250610352,-73.99962615966798,40.73417282104492,N,359,1.184983752732906,23
id1887562,1,2016-06-19 23:23:14,2016-06-19 23:27:53,1,-73.97787475585938,40.74892425537109,-73.96288299560547,40.75731658935546,N,279,1.5784876304878206,23
id2795828,2,2016-05-06 23:03:29,2016-05-06 23:37:08,1,-74.01091003417967,40.708740234375,-73.98365020751953,40.68463134765625,N,2019,3.539819584199783,23
id3096472,1,2016-06-18 23:11:07,2016-06-18 23:23:56,1,-73.9955825805664,40.73591613769531,-73.97451782226561,40.74752426147461,N,769,2.2059335751801408,23
id2378582,1,2016-04-25 23:38:50,2016-04-25 23:51:22,2,-73.97617340087889,40.68224334716797,-74.0056381225586,40.7256088256836,N,752,5.426137205781716,23
id3078667,2,2016-06-24 23:59:00,2016-06-25 00:14:41,1,-73.9819107055664,40.77927017211913,-73.99120330810547,40.75017929077149,N,941,3.3242901120053463,23
id2783625,2,2016-02-19 23:40:38,2016-02-19 23:49:33,1,-74.00714874267578,40.70511245727539,-73.97226715087889,40.74951171875,N,535,5.751448503807806,23
id1235238,2,2016-04-01 23:48:42,2016-04-01 23:51:32,4,-73.93759155273438,40.81296920776367,-73.94474792480467,40.808929443359375,N,170,0.755707405082406,23
id0444458,1,2016-03-08 23:13:36,2016-03-08 23:21:53,2,-73.96105194091797,40.817718505859375,-73.93856048583984,40.80582046508789,N,497,2.323592249800032,23
id1235201,2,2016-05-20 23:54:17,2016-05-21 00:04:21,1,-73.95427703857422,40.77867126464844,-73.93634033203125,40.81441116333008,N,604,4.250009042785045,23
id1716705,2,2016-01-16 23:53:03,2016-01-17 00:02:48,1,-73.9930648803711,40.73680877685546,-73.97812652587889,40.7512321472168,N,585,2.0433973996763983,23
id1956061,1,2016-01-12 23:08:13,2016-01-12 23:26:51,1,-73.8731918334961,40.774089813232415,-73.93906402587889,40.85421371459961,N,1118,10.50948006515909,23
id3501295,1,2016-05-30 23:28:32,2016-05-30 23:43:17,1,-73.78353118896483,40.64860916137695,-73.85570526123048,40.72209548950195,N,885,10.206472747320635,23
id2279499,2,2016-06-17 23:41:57,2016-06-17 23:49:31,5,-73.98387145996092,40.760555267333984,-73.9784164428711,40.77798843383789,N,454,1.9898583352718768,23
